City,Country,City ID,Lat,Long,Max Temp,Humidity,Cloudiness,Wind Speed,Date
Belaya Gora,RU,2126785,68.5333,146.4167,-22.45,73,0,4.36,1616111022
Provideniya,RU,4031574,64.3833,-173.3,-0.4,60,0,2.24,1616111023
East London,ZA,1006984,-33.0153,27.9116,71.82,86,3,12.15,1616111024
Mossamedes,AO,3347019,-15.1961,12.1522,72.68,73,81,6.24,1616111025
Port Hedland,AU,2063042,-20.3167,118.5667,77.0,69,90,14.97,1616111026
Luena,AO,3347719,-11.7833,19.9167,61.83,95,87,3.53,1616111026
Kahului,US,5847411,20.8947,-156.47,75.2,83,75,20.71,1616111027
Wajir,KE,178443,1.7471,40.0573,80.94,58,43,15.82,1616111028
Shimoda,JP,1852357,34.6667,138.95,64.0,72,75,10.36,1616111028
George Town,MY,1735106,5.4112,100.3354,80.01,83,20,3.44,1616110779
Ushuaia,AR,3833367,-54.8,-68.3,46.4,71,40,11.5,1616111030
Lorengau,PG,2092164,-2.0226,147.2712,85.57,65,42,5.23,1616111030
Avarua,CK,4035715,-21.2078,-159.775,84.2,65,20,17.27,1616111031
Souillac,MU,933995,-20.5167,57.5167,73.4,83,20,7.0,1616111032
New Norfolk,AU,2155415,-42.7826,147.0587,69.01,55,0,1.01,1616111033
Vaini,TO,4032243,-21.2,-175.2,86.0,70,40,5.75,1616111033
Labuhan,ID,8079926,-6.8844,112.2051,80.24,81,68,3.53,1616111034
Puerto Ayora,EC,3652764,-0.7393,-90.3518,82.0,88,83,7.0,1616111035
Dikson,RU,1507390,73.5069,80.5464,-23.44,100,100,6.69,1616111035
Rikitea,PF,4030556,-23.1203,-134.9692,80.37,77,91,16.17,1616111037
Muros,ES,3115824,42.7762,-9.0603,51.01,62,78,19.77,1616111038
Yellowknife,CA,6185377,62.456,-114.3525,30.0,68,75,6.91,1616110857
Lata,PT,2738381,40.1629,-8.3327,50.0,59,29,1.99,1616111039
Albany,US,5106841,42.6001,-73.9662,39.99,84,100,11.25,1616111040
Hermanus,ZA,3366880,-34.4187,19.2345,59.0,92,81,4.74,1616111041
Bethel,US,5282297,41.3712,-73.414,43.0,95,100,1.01,1616111043
Tuktoyaktuk,CA,6170031,69.4541,-133.0374,-9.4,84,75,10.36,1616111043
Kruisfontein,ZA,986717,-34.0033,24.7314,69.01,66,12,1.99,1616111044
Iqaluit,CA,5983720,63.7506,-68.5145,-14.8,64,20,8.05,1616111045
Saint-Philippe,RE,935215,-21.3585,55.7679,75.2,73,0,8.05,1616111047
Bambous Virieux,MU,1106677,-20.3428,57.7575,73.99,83,20,10.85,1616111048
Keti Bandar,PK,1174451,24.1447,67.4497,72.23,85,0,6.64,1616111048
Port Elizabeth,ZA,964420,-33.918,25.5701,69.8,83,20,23.02,1616111050
Ancud,CL,3899695,-41.8697,-73.8203,54.32,80,0,6.44,1616111051
Vanavara,RU,2013727,60.34,102.2797,15.42,92,100,9.17,1616111052
Qaanaaq,GL,3831208,77.484,-69.3632,-13.56,75,0,5.88,1616111053
Aklavik,CA,5882953,68.2191,-135.0107,-2.2,65,20,16.11,1616111054
Butaritari,KI,2110227,3.0707,172.7902,81.54,76,0,11.07,1616111054
San Miguel de Tucumán,AR,3836873,-26.8241,-65.2226,62.6,94,90,8.05,1616110889
Polyarnyye Zori,RU,506762,67.3661,32.4981,4.6,94,3,5.3,1616111056
Santiago,CL,3871336,-33.4569,-70.6483,64.4,59,20,9.22,1616111019
Pecos,US,5528182,31.4229,-103.4932,66.2,18,1,10.36,1616111057
São Joaquim,BR,3448828,-28.2939,-49.9317,57.11,97,60,4.7,1616111058
Bluff,NZ,2206939,-46.6,168.3333,55.99,81,99,7.0,1616111058
Marrakesh,MA,2542997,31.6315,-8.0083,57.2,77,75,8.05,1616110922
Faya,SA,110690,18.3851,42.4509,60.8,72,0,2.68,1616111060
Norman Wells,CA,6089245,65.282,-126.8329,6.8,78,90,11.5,1616111060
Punta Arenas,CL,3874787,-53.15,-70.9167,53.6,71,75,11.5,1616110945
Dingle,PH,1714733,10.9995,122.6711,81.3,83,47,8.48,1616111062
Khatanga,RU,2022572,71.9667,102.5,-18.13,96,100,9.78,1616111062
Marystown,CA,6067472,47.1666,-55.1483,34.93,89,87,16.28,1616111063
Hong Kong,HK,1819729,22.2855,114.1577,75.0,89,96,1.01,1616110856
Matagami,CA,6067747,49.7502,-77.6328,12.2,67,1,8.05,1616111065
Songjianghe,CN,2034691,42.1859,127.479,34.56,54,0,1.97,1616111065
Saskylakh,RU,2017155,71.9167,114.0833,-22.99,92,100,12.71,1616111066
Bengkulu,ID,1649150,-3.8004,102.2655,73.85,92,100,4.25,1616111067
Cape Town,ZA,3369157,-33.9258,18.4232,64.0,82,75,3.44,1616111068
Los Llanos de Aridane,ES,2514651,28.6585,-17.9182,64.4,63,0,6.91,1616111069
Lima,PE,3936456,-12.0432,-77.0282,73.4,73,0,9.22,1616110928
Ilulissat,GL,3423146,69.2167,-51.1,10.4,72,75,12.66,1616111070
Forsytheganj,BY,10722858,52.6333,29.7333,30.31,96,98,3.33,1616111073
Southbridge,US,4951594,42.0751,-72.0334,42.01,99,100,7.43,1616111073
Clyde River,CA,5924351,70.4692,-68.5914,-14.8,76,1,4.61,1616111074
Opuwo,NA,3354077,-18.0607,13.84,69.08,84,100,3.62,1616111075
Nouakchott,MR,2377450,18.0858,-15.9785,73.4,64,0,16.11,1616110823
Ahipara,NZ,2194098,-35.1667,173.1667,69.28,58,5,8.14,1616111076
Kastamonu Province,TR,743881,41.5,33.6667,31.37,89,67,3.85,1616111077
Northam,GB,2641434,51.0333,-4.2167,48.99,93,62,4.0,1616111078
Castro,BR,3466704,-24.7911,-50.0119,64.09,96,2,8.59,1616111078
Port Lincoln,AU,2063036,-34.7333,135.8667,71.76,64,0,10.76,1616111079
Atuona,PF,4020109,-9.8,-139.0333,80.94,73,1,9.82,1616111080
Hurricane,US,5540831,37.1753,-113.2899,71.01,32,1,6.91,1616111081
Brae,GB,2654970,60.3964,-1.353,42.8,93,75,12.66,1616111083
Chulym,RU,1507679,55.0997,80.9572,10.8,95,99,8.59,1616111084
Hamilton,US,4513583,39.1834,-84.5333,43.0,88,98,5.99,1616111055
Hobart,AU,2163355,-42.8794,147.3294,69.01,63,20,8.05,1616110967
Nikolskoye,RU,546105,59.7035,30.7861,23.0,85,0,4.47,1616111087
Quesnel,CA,6115187,52.9999,-122.5029,50.0,57,90,4.61,1616111087
Barrow,US,5880054,71.2906,-156.7887,3.2,78,75,13.8,1616111088
Adrar,MR,2381972,20.5022,-10.0711,68.2,12,0,1.52,1616111089
Nantucket,US,4944903,41.2835,-70.0995,41.0,100,90,6.91,1616110973
Mataura,NZ,6201424,-46.1927,168.8643,55.99,81,89,7.0,1616111090
Posevnaya,RU,1500532,54.3006,83.3297,8.53,97,93,7.7,1616111091
Meulaboh,ID,1214488,4.1363,96.1285,76.46,87,100,4.21,1616111092
Paamiut,GL,3421193,61.994,-49.6678,21.33,66,97,16.69,1616111093
Chokurdakh,RU,2126123,70.6333,147.9167,-32.96,87,7,7.34,1616111094
Lincoln,US,5072006,40.8,-96.667,51.01,48,1,5.01,1616110925
Grande Prairie,CA,5964347,55.1667,-118.8027,42.8,56,75,8.05,1616111096
Wenling,CN,1791464,28.3669,121.36,62.01,87,91,3.71,1616111097
Mount Gambier,AU,2156643,-37.8333,140.7667,64.4,82,0,6.91,1616111098
Kyabram,AU,2160910,-36.3167,145.05,75.81,43,90,6.64,1616111100
Hofn,IS,2630299,64.2539,-15.2082,46.26,85,0,11.74,1616111100
Fort Nelson,CA,5955902,58.8053,-122.7002,50.0,27,75,2.3,1616110868
Codrington,AU,2171099,-38.2667,141.9667,68.5,69,5,7.99,1616111102
Ribeira Grande,PT,3372707,38.5167,-28.7,59.47,83,100,19.91,1616111103
Poddor'ye,RU,508441,57.4695,31.1156,26.78,97,100,3.04,1616111104
Ayagoz,KZ,1525988,47.9714,80.4392,8.69,75,0,9.44,1616111105
Jiwani,PK,1175712,25.05,61.7417,74.77,69,0,5.5,1616111108
Vanimo,PG,2084442,-2.6741,141.3028,83.73,69,100,3.89,1616111108
Bredasdorp,ZA,1015776,-34.5322,20.0403,60.8,82,22,10.36,1616111109
Kapaa,US,5848280,22.0752,-159.319,70.0,83,75,24.16,1616111110
Lamar,US,4705086,33.6668,-95.5836,55.4,47,20,14.97,1616111111
Palana,RU,2122262,59.1167,159.9667,19.99,79,100,8.23,1616111111
Busselton,AU,2075265,-33.65,115.3333,74.23,48,50,8.1,1616111112
Pisco,PE,3932145,-13.7,-76.2167,71.6,73,0,19.57,1616111113
Skibotn,NO,7626405,69.3913,20.2679,24.8,58,0,21.85,1616111114
Chapais,CA,5919850,49.7834,-74.8492,8.6,56,1,6.91,1616111115
Husavik,IS,2629833,66.0449,-17.3389,46.4,76,90,11.5,1616111115
Ponta do Sol,PT,2264557,32.6667,-17.1,62.6,59,20,13.8,1616111117
Hithadhoo,MV,1282256,-0.6,73.0833,82.56,70,93,6.17,1616111118
Thompson,CA,6165406,55.7435,-97.8558,48.2,37,40,14.97,1616111105
Tegul'det,RU,1489822,57.3064,88.1667,12.81,95,97,7.34,1616111119
Hobyo,SO,57000,5.3505,48.5268,80.56,82,7,11.59,1616111120
Arrondissement de Saint-Denis,FR,2980915,48.9167,2.3333,43.0,93,75,5.75,1616111121
Kavieng,PG,2094342,-2.5744,150.7967,84.24,70,95,5.95,1616111122
Punta Alta,AR,3839982,-38.8759,-62.0736,60.8,42,21,4.34,1616111123
Savannah Bight,HN,3601402,16.45,-85.85,84.2,70,75,9.22,1616111123
Saint George,US,5546220,37.1041,-113.5841,71.01,32,1,6.91,1616111035
Sioux Lookout,CA,6148373,50.1001,-91.917,44.6,24,20,10.36,1616111125
Salalah,OM,286621,17.0151,54.0924,75.2,43,0,4.61,1616110976
Longyearbyen,SJ,2729907,78.2186,15.6401,30.2,93,90,20.71,1616110977
Jamestown,US,5122534,42.097,-79.2353,36.0,80,90,17.45,1616110887
Pitimbu,BR,3391889,-7.4706,-34.8086,78.8,89,0,4.61,1616111127
Nemuro,JP,2128975,43.3236,145.575,30.2,55,75,14.97,1616111128
Nyurba,RU,2018735,63.2842,118.3319,12.27,92,99,11.3,1616111128
Koutsouras,GR,261814,35.0339,25.9469,52.0,70,9,11.05,1616111129
Port Alfred,ZA,964432,-33.5906,26.891,70.7,90,2,5.61,1616111130
Cruzeiro do Sul,BR,3465080,-29.5128,-51.9853,68.0,94,38,4.36,1616111131
La Gomera,GT,3594575,14.0833,-91.05,86.0,48,1,6.91,1616111135
Lebu,CL,3883457,-37.6167,-73.65,54.86,89,14,3.06,1616111135
Tiksi,RU,2015306,71.6872,128.8694,-7.19,97,100,10.94,1616111136
Ossora,RU,2122389,59.2353,163.0719,19.49,96,100,11.14,1616111137
Kiunga,PG,2093846,-6.1219,141.2906,71.11,98,100,2.91,1616111138
Mar del Plata,AR,3430863,-38.0023,-57.5575,59.0,72,0,3.44,1616111139
Gallup,US,5468773,35.5281,-108.7426,64.4,11,1,6.91,1616111139
Mumford,GH,2297810,5.2618,-0.759,79.39,80,100,12.57,1616111140
Manzhouli,CN,2035836,49.6,117.4333,18.28,77,44,4.21,1616111141
Alyangula,AU,2079582,-13.8483,136.4192,83.93,76,98,15.19,1616111143
Ixtapa,MX,4004293,20.7,-105.2,73.4,56,1,10.36,1616111143
Tura,IN,1254046,25.5198,90.2201,68.02,26,19,4.36,1616111144
Itarema,BR,3393692,-2.9248,-39.9167,77.59,85,94,6.71,1616111145
Nouadhibou,MR,2377457,20.931,-17.0347,64.4,77,0,16.11,1616111146
Yamandu,SL,2410065,7.9362,-11.4928,73.44,84,92,1.5,1616111147
Hervey Bay,AU,2146219,-25.2986,152.8535,80.01,81,56,5.99,1616111149
Arraial do Cabo,BR,3471451,-22.9661,-42.0278,77.14,85,79,21.63,1616111150
Safaga,EG,358620,26.7292,33.9365,62.6,36,0,5.75,1616111151
Yeppoon,AU,2142316,-23.1333,150.7333,78.8,69,100,13.8,1616111152
Londoko,RU,2020707,49.0333,131.9833,24.57,91,0,3.0,1616111152
Redmond,US,5808079,47.674,-122.1215,51.01,81,98,12.15,1616110853
Mchinji,MW,926747,-13.7984,32.8802,62.02,98,21,1.99,1616111154
Zlobin,HR,3191648,45.2924,14.6541,41.0,52,20,9.22,1616111154
Prigorodka,RU,505395,52.0447,39.7124,28.4,100,90,4.47,1616111155
Klaksvík,FO,2618795,62.2266,-6.589,44.6,100,90,16.11,1616111156
Saint Paul Harbor,US,5866583,57.79,-152.4072,30.2,43,75,17.27,1616111157
Vagay,RU,1487860,57.9375,69.0217,21.38,94,100,8.68,1616111159
Ketchikan,US,5554428,55.3422,-131.6461,41.0,93,90,6.91,1616111160
Cedar Rapids,US,4850751,42.0083,-91.6441,48.99,31,1,20.71,1616110992
Kemin,KG,1528606,42.7846,75.6892,33.96,40,0,13.27,1616111161
Cervo,ES,3125287,43.6702,-7.4101,51.01,71,77,5.01,1616111162
Tigil',RU,2120612,57.8,158.6667,16.63,91,100,7.29,1616111163
Pevek,RU,2122090,69.7008,170.3133,-17.19,84,0,1.03,1616111166
Iquitos,PE,3696183,-3.7481,-73.2472,78.8,83,75,4.61,1616111167
Arica,CL,3899361,-18.475,-70.3042,69.8,73,0,4.61,1616111103
Cayenne,GF,3382160,4.9333,-52.3333,79.0,73,75,3.44,1616110930
Guadalajara,MX,4005539,20.6667,-103.3333,88.0,15,20,10.36,1616111163
Naze,JP,1855540,28.3667,129.4833,68.0,94,75,4.61,1616111170
Constitución,CL,3893726,-35.3333,-72.4167,54.32,83,42,2.62,1616111171
Silver City,US,5491487,32.7701,-108.2803,64.4,12,1,3.44,1616111148
Mimongo,GA,2398430,-1.6195,11.6068,70.0,98,99,1.95,1616111172
Flin Flon,CA,5954718,54.7682,-101.865,44.6,39,75,10.36,1616111173
Isangel,VU,2136825,-19.55,169.2667,84.2,70,75,17.27,1616111173
Petropavlovsk-Kamchatskiy,RU,2122104,53.0452,158.6483,37.4,56,86,8.95,1616111174
Guerrero Negro,MX,4021858,27.9769,-114.0611,64.92,56,45,17.34,1616111176
Roald,NO,3141667,62.5833,6.1333,37.4,100,90,2.84,1616111177
Kaitangata,NZ,2208248,-46.2817,169.8464,57.83,64,90,6.29,1616111177
Makkah al Mukarramah,SA,104515,21.4267,39.8261,76.12,55,0,3.27,1616111101
Ust-Nera,RU,2120048,64.5667,143.2,-5.06,96,100,4.32,1616111179
San Andrés,CO,3670218,12.5847,-81.7006,80.6,78,40,16.11,1616111179
Strezhevoy,RU,1490796,60.7333,77.5889,30.2,64,0,11.18,1616111180
Abu Dhabi,AE,292968,24.4667,54.3667,82.4,21,0,8.05,1616110984
Cockburn Town,TC,3576994,21.4612,-71.1419,75.2,64,40,10.36,1616111182
Gerāsh,IR,133595,27.6652,54.1371,63.39,23,1,1.34,1616111183
San Patricio,US,4726521,28.017,-97.5169,78.8,19,1,19.57,1616111184
Bilma,NE,2446796,18.6853,12.9164,81.1,16,53,6.17,1616111185
Cherskiy,RU,2126199,68.75,161.3,-11.25,82,0,4.27,1616111186
Sitka,US,5557293,57.0531,-135.33,39.2,60,40,10.36,1616111186
Oga,IT,3175788,46.4631,10.347,37.0,85,0,2.3,1616111187
Fes,MA,2548885,34.0372,-4.9998,53.6,94,40,5.75,1616111188
Horka nad Moravou,CZ,3075471,49.6401,17.2107,30.0,88,37,0.29,1616111189
Sabha,LY,2212775,27.0377,14.4283,68.92,19,48,23.15,1616111190
Luanda,AO,2240449,-8.8368,13.2343,80.6,83,40,3.44,1616110998
Umm Kaddadah,SD,364933,13.6017,26.6876,80.96,18,100,17.58,1616111191
Vineland,US,4504621,39.4862,-75.0257,48.2,93,90,14.97,1616111192
Airai,TL,1651810,-8.9266,125.4092,68.32,75,100,1.21,1616111193
Poum,NC,2138555,-20.2333,164.0167,80.44,79,100,21.52,1616111194
Mahébourg,MU,934322,-20.4081,57.7,73.4,83,20,10.67,1616111194
Ous,RU,1495812,60.9058,61.5186,21.31,97,100,4.32,1616111195
Jiuquan,CN,1279945,39.7432,98.5174,26.1,32,100,1.83,1616111196
Kroya,ID,1639337,-7.6331,109.2461,78.26,83,100,3.29,1616111197
Abhā,SA,110690,18.2164,42.5053,60.8,72,0,1.41,1616111198
Pokhara,NP,1282898,28.2333,83.9833,65.95,22,85,5.82,1616111198
Carutapera,BR,3402648,-1.195,-46.02,74.91,90,100,4.16,1616111199
Asău,RO,686090,46.4333,26.4,33.01,64,100,1.39,1616111200
Hasaki,JP,2112802,35.7333,140.8333,55.4,71,75,11.5,1616111201
Narva-Jõesuu,EE,590030,59.4589,28.0408,21.31,86,14,8.19,1616111202
Gariāband,IN,1271534,20.635,82.0614,70.03,45,50,3.47,1616111203
Interlaken,US,5359577,36.9513,-121.7338,54.0,94,90,3.44,1616111203
Selma,US,5394329,36.5708,-119.6121,73.0,30,75,3.44,1616111161
Zephyrhills,US,4178941,28.2336,-82.1812,77.0,73,75,16.11,1616111070
Hull,GB,2645425,53.7446,-0.3353,45.0,93,90,11.5,1616111146
Pauini,BR,3662927,-7.7136,-66.9764,74.37,97,100,2.91,1616111206
São Félix do Xingu,BR,3388847,-6.6447,-51.995,73.06,94,86,1.14,1616111208
Te Anau,NZ,2181625,-45.4167,167.7167,58.48,68,68,0.76,1616111208
Imeni Poliny Osipenko,RU,2023584,52.4201,136.4853,19.87,93,96,5.5,1616111209
Phan Thiet,VN,1571058,10.9333,108.1,76.3,75,3,5.12,1616111210
Pontal do Paraná,BR,6322927,-25.6533,-48.5128,66.99,88,80,15.01,1616111211
Mirandopólis,BR,3457107,-21.1336,-51.1017,73.8,83,48,4.14,1616111212
Osypenko,UA,698316,46.9136,36.8253,37.99,100,69,4.0,1616111213
Lagoa,PT,3372964,39.05,-27.9833,58.55,80,100,19.86,1616111213
Tuatapere,NZ,2180815,-46.1333,167.6833,55.99,81,95,7.0,1616111214
Richards Bay,ZA,962367,-28.783,32.0377,71.35,94,11,4.09,1616111215
Egvekinot,RU,4031742,66.3167,-179.1667,-9.69,75,0,1.12,1616111216
Bohušovice nad Ohří,CZ,3079102,50.4932,14.1505,33.01,99,100,11.99,1616111217
Esim,GH,2303611,4.8699,-2.2405,78.28,81,89,5.97,1616111218
Vila Franca do Campo,PT,3372472,37.7167,-25.4333,59.0,72,40,12.66,1616111218
Deputatsky,RU,2028164,69.3,139.9,-24.0,80,0,3.44,1616111219
Hilo,US,5855927,19.7297,-155.09,70.0,83,90,3.44,1616110941
Guanare,VE,3640226,9.0418,-69.7421,93.2,38,82,1.14,1616111220
Iwanai,JP,2129868,42.9744,140.5089,37.85,69,71,3.58,1616111221
Payo,ID,1638775,-3.7508,103.6372,73.45,97,100,0.81,1616111222
Carnarvon,AU,2074865,-24.8667,113.6333,68.0,73,0,9.22,1616111223
Vila Velha,BR,3445026,-20.3297,-40.2925,77.0,83,0,4.61,1616111223
Hwange,ZW,889942,-18.3693,26.5019,67.21,80,4,1.1,1616111224
Spokoynaya,RU,489655,44.2468,41.4015,33.24,77,71,3.98,1616111225
Dabakala,CI,2290609,8.3667,-4.4333,78.15,71,81,5.73,1616111225
Gadsden,US,4063619,34.0143,-86.0066,51.8,76,75,12.66,1616111226
Faanui,PF,4034551,-16.4833,-151.75,82.29,66,12,4.88,1616111227
College,US,5859699,64.8569,-147.8028,12.99,61,75,3.44,1616110973
Fitjar,NO,3157436,59.9184,5.3192,39.99,86,62,3.98,1616111229
Yulara,AU,6355222,-25.2406,130.9889,73.4,33,100,9.22,1616111230
Camopi,GF,3382226,3.1655,-52.3158,71.33,96,82,3.44,1616111231
Torbay,CA,6167817,47.6666,-52.7314,35.01,80,90,13.8,1616111231
Ugoofaaru,MV,1337619,5.6667,73.0,82.24,72,84,6.49,1616111232
Trelew,AR,3833883,-43.249,-65.3051,68.99,30,71,9.24,1616111233
Poya,NC,2138522,-21.35,165.15,82.09,69,97,7.67,1616111234
Halvad,IN,1270466,23.0167,71.1833,68.31,71,1,6.62,1616111234
Arrondissement de Reims,FR,2984113,49.1667,4.0833,41.0,93,75,9.22,1616111235
Arrondissement de Verdun,FR,2969963,49.25,5.3333,39.0,88,100,3.56,1616111236
Lieksa,FI,648090,63.3167,30.0167,9.09,91,51,10.11,1616111237
Bathsheba,BB,3374083,13.2167,-59.5167,77.0,65,40,12.66,1616111238
Cidreira,BR,3466165,-30.1811,-50.2056,70.88,81,64,9.01,1616111239
Lavrentiya,RU,4031637,65.5833,-171.0,-5.33,81,0,0.76,1616111240
Melioratorov,RU,1499042,57.2107,65.6077,21.2,53,0,15.66,1616111241
São Filipe,CV,3374210,14.8961,-24.4956,71.08,79,7,6.17,1616111241
Touros,BR,3386213,-5.1989,-35.4608,77.0,88,0,16.11,1616111242
Bestöbe,KZ,1525376,52.4994,73.0975,15.98,85,100,7.14,1616111244
Pervomayskoye,RU,797213,43.919,46.7102,43.09,80,62,10.04,1616111245
Talnakh,RU,1490256,69.4865,88.3972,-19.43,96,100,5.21,1616111246
Chui,UY,3443061,-33.6971,-53.4616,59.25,75,36,7.43,1616111247
Garoowe,SO,58933,8.4054,48.4845,72.0,79,54,11.05,1616111249
Nakamura,JP,1855891,32.9833,132.9333,61.68,64,1,3.22,1616111249
Olafsvik,IS,3414079,64.8945,-23.7142,40.86,89,100,4.47,1616111253
Farsø,DK,2622310,56.7728,9.3393,36.0,86,12,3.0,1616111253
Dudinka,RU,1507116,69.4058,86.1778,-20.29,86,100,6.29,1616111254
Broken Hill,AU,2173911,-31.95,141.4333,68.0,73,75,16.11,1616111255
Fuyang,CN,1810845,32.9,115.8167,41.45,91,100,10.07,1616111256
Praia da Vitória,PT,3372760,38.7333,-27.0667,59.0,82,75,12.77,1616111257
Carauari,BR,3664659,-4.8828,-66.8958,76.82,85,66,2.21,1616111257
Talcahuano,CL,3870282,-36.7167,-73.1167,60.8,82,0,6.91,1616111258
Pangnirtung,CA,6096551,66.1451,-65.7125,-17.72,80,25,2.37,1616111259
Altamirano,MX,3532996,16.8833,-92.15,58.62,100,29,1.77,1616111260
Fortuna,US,5563839,40.5982,-124.1573,54.0,71,75,11.5,1616111260
Numan,NG,2328617,9.4667,12.0333,85.51,34,89,2.75,1616111261
Kimbe,PG,2093967,-5.5502,150.1429,87.1,65,41,1.45,1616111264
Şabrātah,LY,2212771,32.7933,12.4885,59.5,65,2,15.93,1616111265
Gbadolite,CD,216404,4.2833,21.0167,72.34,88,85,2.98,1616110984
Manacapuru,BR,3663529,-3.2997,-60.6206,75.2,94,75,2.3,1616111267
Nishihara,JP,1855342,26.1842,127.7558,71.6,88,1,5.75,1616111267
Gimli,CA,5961417,50.6336,-96.9907,48.2,34,0,13.8,1616111268
Kalmunai,LK,1242110,7.4167,81.8167,77.07,83,100,4.92,1616111269
Tual,ID,1623197,-5.6667,132.75,83.28,68,100,1.97,1616111270
Jalu,LY,86049,29.0331,21.5482,59.97,35,24,10.09,1616111271
Mogoytuy,RU,2019892,51.2833,114.9167,17.82,96,100,0.78,1616111272
Uusikaupunki,FI,633221,60.8004,21.4084,21.2,68,0,5.75,1616111273
Srednekolymsk,RU,2121025,67.45,153.6833,-18.99,90,100,5.88,1616111273
Finschhafen,PG,2097418,-6.6024,147.8681,85.26,62,49,0.6,1616111274
Katsuura,JP,2112309,35.1333,140.3,57.0,54,75,14.97,1616111275
Raymond,US,4976361,43.9015,-70.4703,39.0,94,100,5.44,1616111276
Tasiilaq,GL,3424607,65.6145,-37.6368,33.8,64,75,13.8,1616111277
Linhares,BR,3458498,-19.3911,-40.0722,72.86,91,57,2.48,1616111277
Sawai Madhopur,IN,1256949,25.9833,76.3667,71.28,41,100,4.5,1616111278
Yarensk,RU,468983,62.1675,49.0916,13.48,97,97,4.61,1616111279
Vardø,NO,777019,70.3705,31.1107,19.4,63,40,10.36,1616111280
Tshikapa,CD,204953,-6.4167,20.8,71.98,85,6,1.9,1616111280
Waren,DE,2814131,53.5167,12.6833,30.99,79,35,5.77,1616111281
Beringovskiy,RU,2126710,63.05,179.3167,-8.45,93,7,7.05,1616111282
Suez,EG,359796,29.9737,32.5263,57.88,66,0,4.94,1616111283
Belyy Yar,RU,1510377,53.6039,91.3903,-2.2,84,58,4.47,1616111284
Riyadh,SA,108410,24.6877,46.7219,91.4,13,40,13.8,1616111231
Lake Charles,US,4330236,30.2131,-93.2044,66.2,48,1,17.27,1616111185
Mattru,SL,2409215,7.6244,-11.8332,75.42,83,43,1.52,1616111285
Tawang Town,IN,1254832,27.5833,91.8667,38.86,60,0,4.05,1616111286
Tyukhtet,RU,1488774,56.5389,89.3011,13.26,94,94,8.19,1616111287
Zharkent,KZ,1520253,44.1628,80.0,33.53,25,6,4.5,1616111288
Eureka,US,5563397,40.8021,-124.1637,54.0,77,94,8.99,1616111289
Ubari,LY,2219235,26.5921,12.7805,69.62,20,45,11.97,1616111289
Nanortalik,GL,3421765,60.1432,-45.2371,27.12,91,90,6.04,1616111292
Matara,LK,1235846,5.9485,80.5353,76.78,84,98,0.78,1616111194
Tezu,IN,1254709,27.9167,96.1667,70.77,35,58,3.51,1616111293
La Ronge,CA,6050066,55.1001,-105.2842,51.8,32,44,5.75,1616111265
Chernihiv,UA,710734,51.0,32.0,31.75,95,90,6.26,1616111295
Pangody,RU,1495626,65.85,74.4859,11.01,95,100,5.41,1616111295
Sept-Îles,CA,6144312,50.2001,-66.3821,23.0,68,75,19.57,1616111296
Bela,IN,1276574,25.9333,81.9833,71.78,29,92,2.37,1616111297
Sayanogorsk,RU,1492893,53.0875,91.3997,17.76,84,90,9.8,1616111298
Geraldton,AU,2070998,-28.7667,114.6,77.0,27,0,9.22,1616111299
Ures,MX,3980782,29.4333,-110.4,84.99,10,24,5.99,1616111300
Bataiporã,BR,3470338,-22.2953,-53.2711,73.31,90,49,2.3,1616111300
Hailar,CN,2037078,49.2,119.7,19.08,69,59,4.88,1616111301
Chumikan,RU,2025256,54.7183,135.315,17.04,80,0,11.41,1616111302
Krasnyy Oktyabr',RU,541549,56.1167,38.8833,21.97,96,79,4.97,1616111303
Hommelvik,NO,3151942,63.4108,10.7942,35.01,100,20,8.05,1616111303
Ballina,AU,2177069,-28.8667,153.5667,73.4,83,90,10.36,1616111304
Krasnyy Kut,RU,541647,50.95,46.9667,28.85,95,100,8.32,1616111305
Ulladulla,AU,2145554,-35.35,150.4667,66.2,100,75,5.75,1616111306
Omsukchan,RU,2122493,62.5333,155.8,-6.05,92,46,6.67,1616111307
Dori,BF,2361082,14.0354,-0.0345,81.25,12,2,8.9,1616111308
Batemans Bay,AU,2176639,-35.7167,150.1833,69.01,81,100,5.01,1616111309
Antalaha,MG,1071296,-14.9003,50.2788,75.67,84,98,6.42,1616111309
Cabo San Lucas,MX,3985710,22.8909,-109.9124,79.0,22,1,11.5,1616111273
Naryan-Mar,RU,523392,67.6713,53.087,-11.85,90,60,8.93,1616111312
Panji,ID,1632566,-7.7253,114.0995,79.74,79,99,3.8,1616111313
Chabařovice,CZ,3077862,50.6732,13.9418,30.99,99,100,11.99,1616111313
Paraná,AR,3841956,-31.732,-60.5238,66.0,61,33,3.0,1616111307
Laguna,US,5364271,38.421,-121.4238,55.99,94,90,5.75,1616111315
Nago,JP,1856068,26.5881,127.9761,71.6,100,1,5.75,1616111317
Ushtobe,KZ,1517637,45.2514,77.9838,24.22,86,0,14.12,1616111318
Taoudenni,ML,2450173,22.6783,-3.9836,72.19,15,0,6.13,1616111319
Warrington,GB,2634739,53.3925,-2.5802,48.2,93,90,6.91,1616111320
Gonbad-e Kāvūs,IR,132938,37.25,55.1672,55.74,78,84,15.99,1616111320
Kalino,RU,554153,58.2504,57.6085,20.16,96,93,2.93,1616111321
Sola,VU,2134814,-13.8833,167.55,82.13,74,96,12.93,1616111322
Businga,CD,217637,3.3333,20.8833,72.46,86,96,1.77,1616111322
Biltine,TD,244878,14.5333,20.9167,84.51,15,2,16.78,1616111323
Ust'-Omchug,RU,2120047,61.15,149.6333,-3.6,83,0,6.82,1616111324
Vicuña,CL,3868308,-30.0319,-70.7081,60.8,77,20,9.22,1616111141
Sabang,ID,1214026,5.8933,95.3214,82.87,70,15,10.65,1616111325
Acaraú,BR,3408368,-2.8856,-40.12,77.79,85,100,7.47,1616111326
Pacifica,US,5380420,37.6138,-122.4869,55.0,100,75,17.27,1616111327
Harwich,GB,2647383,51.9419,1.2844,44.01,90,100,8.99,1616111328
Ankazoabo,MG,1072879,-22.2833,44.5167,71.53,84,69,4.0,1616111329
Saint-Pierre,RE,935214,-21.3393,55.4781,75.2,73,0,8.05,1616111330
Awjilah,LY,88533,29.1081,21.2869,60.39,35,19,11.68,1616111331
Polokwane,ZA,965289,-23.9045,29.4688,64.4,82,51,1.14,1616111331
Malangali,TZ,155052,-8.5667,34.85,59.74,92,97,5.28,1616111332
Genhe,CN,2037252,50.7833,121.5167,15.76,88,92,2.21,1616111333
High Level,CA,5975004,58.5169,-117.136,44.6,45,75,6.91,1616111334
Coquimbo,CL,3893629,-29.9533,-71.3436,60.8,77,20,9.22,1616111334
Eyl,SO,60019,7.9803,49.8164,77.94,79,48,11.07,1616111335
Smolenka,RU,2016405,52.1352,113.4974,17.6,93,40,2.82,1616111336
Emba,KZ,609924,48.8264,58.1442,32.41,82,100,17.56,1616111336
San Quintín,MX,3984997,30.4833,-115.95,60.3,71,0,17.18,1616111337
Khovd,MN,1516048,48.0056,91.6419,18.95,56,100,2.15,1616111338
Upernavik,GL,3418910,72.7868,-56.1549,-5.58,96,95,7.49,1616111339
Ndioum,SN,2247684,16.5129,-14.6471,75.15,24,0,14.92,1616111340
Lethem,GY,3379316,3.3803,-59.7968,83.71,55,96,11.59,1616111341
Balikpapan,ID,1650527,-1.2675,116.8289,75.2,88,20,2.3,1616111341
Gushikawa,JP,1863495,26.3544,127.8686,71.6,100,1,5.75,1616111342
Hvolsvollur,IS,3415720,63.7533,-20.2243,44.01,100,100,10.0,1616111343
Two Rivers,US,5276609,44.1539,-87.5693,39.2,38,1,17.27,1616111343
Touho,NC,2137873,-20.7833,165.2333,78.03,83,99,18.59,1616111344
Nha Trang,VN,1572151,12.25,109.1833,75.2,83,20,3.44,1616111345
St. George's,GD,3579925,12.0564,-61.7485,78.8,78,20,5.75,1616111229
Twentynine Palms,US,5404198,34.1356,-116.0542,73.99,12,1,3.44,1616111086
Anadyr,RU,2127202,64.75,177.4833,-14.8,70,0,6.71,1616111347
Pilar,BR,3392126,-9.5972,-35.9567,77.0,88,0,3.44,1616111347
Karratha,AU,6620339,-20.7377,116.8463,81.99,52,0,19.17,1616111348
Aberfeldy,GB,2657820,56.62,-3.8645,48.0,81,6,5.01,1616111349
Marsh Harbour,BS,3571913,26.5412,-77.0636,74.84,78,0,15.3,1616111350
Bubaque,GW,2374583,11.2833,-15.8333,76.15,72,64,16.37,1616111350
Coahuayana Viejo,MX,4013679,18.7333,-103.6833,78.89,59,0,5.08,1616111351
Sumkino,RU,1490655,58.1108,68.3244,21.92,85,100,10.56,1616111352
Saint-Leu,RE,6690297,-21.15,55.2833,75.2,73,0,8.05,1616111352
Blagoevgrad,BG,733191,42.0167,23.1,34.0,81,69,1.54,1616111353
Praia,CV,3374333,14.9215,-23.5087,69.8,73,0,8.05,1616111354
Macaparana,BR,3396009,-7.5547,-35.4531,75.2,83,40,12.66,1616111355
Rocha,UY,3440777,-34.4833,-54.3333,56.35,77,40,4.32,1616111355
Fare,PF,4034496,-16.7,-151.0167,82.11,65,37,4.07,1616111356
Huarmey,PE,3939168,-10.0681,-78.1522,72.61,77,83,6.82,1616111357
Lugovoy,KZ,1521293,42.9472,72.7644,33.89,52,0,7.05,1616111358
Kampot,KH,1831112,10.6167,104.1833,77.0,88,40,1.14,1616111358
Sorong,ID,1626542,-0.8833,131.25,81.41,78,96,3.85,1616111359
Lokoja,NG,2331939,7.8024,6.743,78.57,71,97,5.01,1616111360
Mahajanga,MG,1062663,-15.7167,46.3167,75.2,94,75,6.91,1616111360
Sistranda,NO,3139597,63.7256,8.834,35.6,100,40,6.91,1616111361
Abū Zabad,SD,380348,12.35,29.25,77.68,45,100,5.79,1616111362
Kamaishi,JP,2112444,39.2667,141.8833,39.2,65,40,5.75,1616111363
Rapid Valley,US,5768244,44.0625,-103.1463,39.0,65,1,21.85,1616111308
Coxim,BR,3465228,-18.5067,-54.76,75.63,89,100,3.42,1616111364
Necochea,AR,3430443,-38.5473,-58.7368,53.01,79,48,3.71,1616111365
Port-Gentil,GA,2396518,-0.7193,8.7815,78.8,89,20,4.61,1616111365
Zárate,AR,3427213,-34.0981,-59.0286,62.01,75,4,1.01,1616111366
Arrondissement de Thiers,FR,2972855,45.8333,3.5,32.0,93,75,2.3,1616111367
Konya Province,TR,306569,38.1667,32.5,35.6,75,20,2.3,1616111367
Kamenka,RU,553766,51.3223,42.7678,30.0,90,100,6.89,1616111368
Grindavik,IS,3416888,63.8424,-22.4338,44.6,100,90,19.57,1616111369
Padang,ID,1633419,-0.9492,100.3543,77.0,88,75,9.22,1616111370
Garden City,US,4993659,42.3256,-83.331,39.99,56,90,18.41,1616111110
Araouane,ML,2460954,18.9048,-3.5265,72.55,12,1,6.53,1616111371
San Cristobal,VE,3628473,7.7669,-72.225,78.8,78,75,4.61,1616111372
Fairbanks,US,5861897,64.8378,-147.7164,12.99,61,75,3.44,1616111257
Karsun,RU,552133,54.1994,46.9827,19.83,96,88,4.85,1616111373
Yārāda,IN,1252783,17.65,83.2667,75.2,94,20,2.3,1616111374
Imbituba,BR,3461370,-28.24,-48.6703,75.2,73,75,6.91,1616111374
Safi,MA,2537881,32.2994,-9.2372,59.86,85,60,7.87,1616111375
Kavaratti,IN,1267390,10.5669,72.642,83.34,67,11,6.93,1616111376
Raudeberg,NO,3146487,61.9875,5.1352,37.99,95,1,4.65,1616111377
Rio Grande,BR,3451138,-32.035,-52.0986,66.7,80,23,11.59,1616111377
Linqiong,CN,1803365,30.4159,103.4609,66.0,100,40,4.47,1616111378
Novomichurinsk,RU,518602,54.0384,39.7479,21.61,97,85,1.83,1616111379
Taltal,CL,3870243,-25.4,-70.4833,64.51,85,11,3.87,1616111380
Marsá Maţrūḩ,EG,352733,31.3525,27.2453,51.8,71,0,3.44,1616111381
Dejen,ET,339551,10.1667,38.1333,61.32,40,43,1.59,1616111382
Dzilam González,MX,3529654,21.2833,-88.9333,77.97,79,46,9.66,1616111382
Orlik,RU,1496073,52.5178,99.825,-7.58,82,39,1.72,1616111383
Kilindoni,TZ,157429,-7.9139,39.6668,82.42,73,88,5.57,1616111384
Ishigaki,JP,1861416,24.3448,124.1572,73.4,83,20,6.91,1616111385
Pacific Grove,US,5380437,36.6177,-121.9166,55.99,94,90,8.55,1616111385
Solnechnyy,RU,2016307,50.7214,136.6319,24.93,70,96,3.2,1616111386
Ambon City,ID,1651531,-3.6954,128.1814,84.2,79,20,4.61,1616111387
Maiduguri,NG,2331447,11.8464,13.1603,81.86,15,92,6.67,1616111387
Petropavlovka,RU,2017979,50.6114,105.3196,6.24,76,6,2.68,1616111388
Trofors,NO,3133983,65.5333,13.4063,33.8,64,0,5.75,1616111389
Kirakira,SB,2178753,-10.4544,161.9205,83.68,78,99,5.01,1616111390
São João da Barra,BR,3448903,-21.6403,-41.0511,77.07,85,89,15.14,1616111390
Kisangani,CD,212730,0.5167,25.2,70.81,75,81,0.25,1616111391
Worcester,US,4956199,42.3334,-71.8328,42.01,93,90,10.36,1616111160
Fayetteville,US,4466033,35.0527,-78.8784,73.4,56,75,18.41,1616111393
Ivankiv,UA,707489,50.9386,29.8943,32.0,100,20,8.95,1616111394
Virginia Beach,US,4791259,36.8529,-75.978,73.4,68,90,9.22,1616111201
Rangia,IN,1258492,26.4667,91.6333,64.4,72,40,3.38,1616111359
Kaeo,NZ,2189343,-35.1,173.7833,68.0,68,18,7.0,1616111396
Camacha,PT,2270385,33.0833,-16.3333,60.8,82,40,12.66,1616111397
Agirish,RU,1512101,61.9247,63.0231,20.64,97,100,3.15,1616111397
Andenes,NO,3163146,69.3143,16.1194,27.0,63,90,19.57,1616111398
Kashgar,CN,1280849,39.4547,75.9797,39.2,56,20,4.47,1616111400
Nyandoma,RU,516647,61.669,40.1991,11.05,96,99,6.78,1616111401
Kungurtug,RU,1501377,50.5994,97.5228,3.45,97,93,1.12,1616111402
Esperance,AU,2071860,-33.8667,121.9,59.0,94,0,11.5,1616111403
Zhangye,CN,1785036,38.9342,100.4517,31.19,38,100,15.93,1616111403
Vostok,RU,2013279,46.4856,135.8833,25.88,87,89,1.57,1616111405
Juegang,CN,1804979,32.3174,121.1855,52.0,95,100,1.99,1616111405
Severo-Kuril'sk,RU,2121385,50.6789,156.125,31.53,96,68,9.62,1616111406
Altamira,BR,3407882,-3.2033,-52.2064,73.18,95,99,3.49,1616111407
Sturgeon Falls,CA,5952554,46.3646,-79.9326,28.0,36,20,6.91,1616111408
Naifaru,MV,1337616,5.4444,73.3657,82.6,69,76,5.3,1616111408
Hede,CN,1808744,33.7681,120.2517,45.61,82,100,9.53,1616111409
Atar,MR,2381334,20.5169,-13.0499,74.05,11,0,5.46,1616111410
Birao,CF,240210,10.2849,22.7882,78.21,50,99,2.75,1616111411
Inhambane,MZ,1045114,-23.865,35.3833,76.01,79,27,5.61,1616111413
Šerići,BA,3190987,44.4653,18.5581,33.8,100,75,1.14,1616111345
Aripuanã,BR,3665202,-9.1667,-60.6333,71.89,96,100,1.03,1616111414
Mehamn,NO,778707,71.0357,27.8492,18.84,92,48,13.8,1616111415
Usab,PH,1680189,12.3308,123.5806,81.91,77,10,9.17,1616111415
Pleasant Point,NZ,2184512,-44.2667,171.1333,60.01,84,3,4.0,1616111416
Cap Malheureux,MU,934649,-19.9842,57.6142,73.99,76,10,4.0,1616111417
Wangkui,CN,2034228,46.8333,126.5,33.13,49,100,3.51,1616111418
Okhotsk,RU,2122605,59.3833,143.3,8.74,66,0,23.09,1616111419
Tanete,ID,1629965,-3.9443,119.7848,79.16,85,63,2.48,1616111421
Harper,LR,2276492,4.375,-7.7169,78.62,82,100,4.54,1616111422
Pahrump,US,5509851,36.2083,-115.9839,69.8,11,1,13.8,1616111423
Bakel,SN,2252606,14.905,-12.4568,79.84,19,0,4.29,1616111424
Houston,US,4699066,29.7633,-95.3633,66.99,34,1,19.57,1616110729
Sydney,AU,2147714,-33.8679,151.2073,71.01,94,98,5.01,1616111197
Juba,SS,373303,4.8517,31.5825,76.77,69,81,1.45,1616111426
Bilibino,RU,2126682,68.0546,166.4372,-7.42,68,84,1.77,1616111427
Zherdevka,RU,463217,51.8486,41.4606,22.06,95,96,5.7,1616111427
Nelson Bay,AU,2155562,-32.7167,152.15,70.0,94,90,12.66,1616111428
Leningradskiy,RU,2123814,69.3833,178.4167,-13.97,84,9,3.02,1616111429
Cusuna,HN,3612949,15.85,-85.2333,77.32,84,100,8.34,1616111431
Port Hardy,CA,6111862,50.6996,-127.4199,48.2,76,75,8.05,1616111433
Río Gallegos,AR,3838859,-51.6226,-69.2181,59.0,44,0,17.27,1616111433
Fasa,IR,134721,28.9383,53.6482,59.0,33,0,6.91,1616111434
Khorol,UA,706289,49.7837,33.2783,31.73,87,95,4.38,1616111435
Alta Floresta,BR,6316343,-9.8756,-56.0861,68.86,99,98,3.13,1616111436
Katobu,ID,1640972,-4.9408,122.5276,81.57,84,65,0.74,1616111437
Uppsala County,SE,2666218,60.0,17.75,25.0,74,20,8.05,1616111437
Vila,PT,7117100,42.0304,-8.1588,43.0,74,27,11.01,1616111438
Kumul,CN,1529484,42.8,93.45,27.52,38,29,5.53,1616111439
Gorban,RO,676920,46.8761,28.0789,34.0,86,0,6.91,1616111440
Yerbogachën,RU,2012956,61.2767,108.0108,15.35,92,97,11.03,1616111441
Harlingen,US,4696233,26.1906,-97.6961,78.8,25,1,18.41,1616111402
Port Macquarie,AU,2152659,-31.4333,152.9167,68.0,100,75,16.11,1616111443
Gurupá,BR,3398480,-1.405,-51.64,75.04,93,96,2.73,1616111444
Beidao,CN,1816751,34.5686,105.8933,43.11,80,100,17.63,1616111446
Lüderitz,NA,3355672,-26.6481,15.1594,63.28,69,1,14.41,1616111447
Dubbo,AU,2168305,-32.25,148.6167,73.4,60,75,16.11,1616111447
Wilmington,US,4499379,34.2257,-77.9447,71.6,73,40,17.27,1616111102
Makuyuni,TZ,155076,-4.7333,38.1,71.02,91,97,0.69,1616111449
Aksu,CN,1529660,41.1231,80.2644,29.93,84,0,0.54,1616111450
Panabá,MX,3521972,21.2833,-88.2667,79.29,70,61,11.81,1616111451
Elin Pelin,BG,731675,42.6667,23.6,35.01,93,20,1.34,1616111452
Novy Urengoy,RU,1496511,66.0833,76.6333,2.88,96,100,6.58,1616111342
Camaná,PE,3945985,-16.6228,-72.7111,71.06,85,98,6.24,1616111453
Snyder,US,5530921,32.7179,-100.9176,60.8,23,1,10.36,1616111454
Westport,US,4845585,41.1415,-73.3579,45.0,93,90,5.75,1616111455
Zhanakorgan,KZ,1517323,43.9098,67.2495,37.85,38,11,5.14,1616111455
Vic,ES,6356315,41.9271,2.2497,37.0,99,100,2.39,1616111456
George,ZA,1002145,-33.963,22.4617,64.4,94,90,5.75,1616111458
Buala,SB,2109528,-8.145,159.5921,86.32,60,82,2.08,1616111460
Grand Gaube,MU,934479,-20.0064,57.6608,73.99,76,12,4.0,1616111461
Arezzo,IT,6542153,43.4724,11.869,34.0,78,48,1.99,1616111461
Biak,ID,1637001,-0.9131,122.8766,81.77,67,88,1.59,1616111462
Pandan,PH,1695546,14.0453,124.1694,82.15,78,50,7.31,1616111463
Zaragoza,ES,3104324,41.6561,-0.8773,45.0,70,0,25.32,1616111464
Ambilobe,MG,1082243,-13.2,49.05,73.08,93,100,2.13,1616111465
Preobrazheniye,RU,2017658,42.9019,133.9064,37.9,50,31,3.29,1616111467
Peterhead,GB,2640351,57.5058,-1.7981,44.6,93,90,19.57,1616111302
Wodonga,AU,2143285,-36.1167,146.8833,75.0,73,81,6.91,1616111468
Port Blair,IN,1259385,11.6667,92.75,78.03,69,0,2.73,1616111469
Hay River,CA,5972762,60.8156,-115.7999,44.6,33,100,3.44,1616111470
Shipunovo,RU,1492160,52.1582,82.2173,7.74,91,17,4.99,1616111471
Cardoso,BR,3466970,-20.0819,-49.9142,74.86,67,39,3.18,1616111472
Lowestoft,GB,2643490,52.4752,1.7516,44.01,96,100,3.0,1616111473
Krasne,UA,704277,49.9145,24.6134,24.8,100,99,2.24,1616111473
Sparks,US,5512862,39.5349,-119.7527,60.8,31,75,33.38,1616111452
Samfya,ZM,899274,-11.3649,29.5565,64.38,95,94,5.53,1616111475
Omboué,GA,2396853,-1.5746,9.2618,77.09,84,100,2.39,1616111475
Poronaysk,RU,2121909,49.2167,143.1167,24.87,64,100,9.22,1616111476
Gurh,IN,1270640,24.5167,81.5167,73.8,39,84,2.71,1616111478
Saint-Augustin,CA,6137462,51.226,-58.6502,31.68,98,100,20.0,1616111479
Bonavista,CA,5905393,48.6499,-53.1147,34.0,86,72,6.91,1616111479
Massaguet,TD,2428231,12.4755,15.4365,86.0,21,20,4.61,1616111480
Ostrovnoy,RU,556268,68.0531,39.5131,16.61,78,92,8.25,1616111481
Hokitika,NZ,2206894,-42.7167,170.9667,62.37,72,0,6.62,1616111482
Tāybād,IR,1159384,34.74,60.7756,67.24,24,66,9.86,1616111482
Chimbote,PE,3698304,-9.0853,-78.5783,73.11,77,66,8.05,1616111335
Tungor,RU,2120400,53.3808,142.9564,15.78,91,97,14.52,1616111485
Aykhal,RU,2027296,66.0,111.5,7.12,92,97,20.29,1616111485
Uray,RU,1488429,60.1247,64.7758,15.89,92,90,7.18,1616111486
Powder Springs,US,4217214,33.8596,-84.6838,57.2,58,75,12.66,1616111487
Porto-Novo,BJ,2392087,6.4965,2.6036,78.8,83,20,3.44,1616111489
Makaha,US,5850511,21.4694,-158.2175,75.2,88,90,6.91,1616111489
Mitsamiouli,KM,921786,-11.3847,43.2844,82.89,72,71,6.42,1616111491
Sanguéya,GN,2416061,10.7,-14.3667,67.41,91,4,1.63,1616111492
Porbandar,IN,1259395,21.6422,69.6093,72.77,82,0,7.94,1616111493
Flowing Wells,US,5294937,32.294,-111.0098,80.01,8,1,8.05,1616111314
Sokoni,TZ,149812,-6.4333,39.55,82.33,74,35,5.66,1616111495
Ţahţā,EG,347634,26.7693,31.5021,60.8,39,0,4.61,1616111496
West Bay,KY,3580477,19.3667,-81.4167,82.4,69,20,9.22,1616111497
Tiznit Province,MA,2527087,29.5833,-9.5,53.47,74,87,6.31,1616111498
Kyrylivka,UA,705852,46.3759,35.3675,41.22,92,21,11.54,1616111498
Mujiayingzi,CN,2035707,42.1167,118.7833,36.43,68,47,3.42,1616111499
Tautira,PF,4033557,-17.7333,-149.15,87.8,62,40,5.75,1616111500
Marsabit,KE,187585,2.3284,37.9899,70.54,63,46,8.3,1616111500
Banjar,ID,1650232,-8.19,114.9675,82.4,83,75,12.66,1616111501
Iguaba Grande,BR,3461477,-22.8392,-42.2289,75.42,88,68,12.24,1616111502
Kitob,UZ,1216787,39.0843,66.8332,55.4,33,100,11.5,1616111504
Shimanovsk,RU,2016701,52.0,127.7,18.39,94,24,4.97,1616111507
Goose Creek,US,4580098,32.981,-80.0326,70.0,83,75,18.41,1616111508
Glencoe,ZA,1001736,-28.1783,30.147,58.01,94,29,1.41,1616111509
San Carlos,VE,3628503,9.6612,-68.5827,79.25,70,71,5.17,1616111510
Ladário,BR,3459352,-19.0047,-57.6017,75.78,88,100,2.19,1616111511
Nome,US,5870133,64.5011,-165.4064,1.99,66,1,6.91,1616111511
Farafangana,MG,1065158,-22.8167,47.8333,76.24,85,98,7.27,1616111512
Kyren,RU,2021031,51.6828,102.1408,10.96,84,70,1.66,1616111513
Uglovskoye,RU,1488632,51.3557,80.1942,10.02,85,20,9.1,1616111514
Quime,BO,3906765,-16.9833,-67.2167,47.7,94,100,1.57,1616111515
Mananjary,MG,1061335,-21.2167,48.3333,74.32,90,85,5.19,1616111516
Paso de los Toros,UY,3441273,-32.8167,-56.5167,60.96,54,0,9.48,1616111517
Hambantota,LK,1244926,6.1241,81.1185,77.4,79,99,6.53,1616111518
Mogoşeşti,RO,672943,47.0333,27.5333,34.0,86,0,6.91,1616111519
Aswān,EG,359792,24.0934,32.907,65.43,27,0,12.3,1616111520
Sterling,US,4787534,39.0062,-77.4286,52.0,100,90,9.22,1616111297
Cabra,ES,2520645,37.4725,-4.4421,50.0,49,0,4.61,1616111521
Atasū,KZ,1526041,48.6814,71.6433,19.76,88,13,14.23,1616111523
Sussex,US,5105168,41.1834,-74.6663,42.8,93,90,9.22,1616111524
Departamento de Maldonado,UY,3441890,-34.6667,-54.9167,64.4,59,75,6.91,1616111366
Mtinko,TZ,152781,-4.55,34.85,59.36,92,100,6.89,1616111525
Acajutla,SV,3587498,13.5928,-89.8275,77.0,77,10,4.0,1616111291
Sur,OM,286245,22.5667,59.5289,77.5,42,0,6.55,1616111527
Hermosillo,MX,4004898,29.0667,-110.9667,87.8,6,1,9.22,1616111529
Kloulklubed,PW,7671223,7.0419,134.2556,82.4,83,75,8.05,1616111529
Luau,AO,876177,-10.7073,22.2247,63.59,94,84,1.9,1616111530
Xiongzhou,CN,1788402,25.1167,114.3,74.91,84,18,2.24,1616111531
Sinnamary,GF,3380290,5.3833,-52.95,75.65,80,76,7.87,1616111532
Alta,NO,847633,69.9689,23.2717,14.0,73,0,11.5,1616111533
Kabinda,CD,215527,-6.1333,24.4833,66.49,91,7,1.88,1616111534
Greenfield,US,5255068,42.9614,-88.0126,39.2,56,75,26.46,1616111236
Madang,PG,2091996,-5.2246,145.7966,85.3,65,56,3.4,1616111535
Dabra,IN,1273751,25.9,78.3333,75.34,41,100,5.57,1616111536
Mobara,JP,2111855,35.4167,140.3,55.4,71,75,11.5,1616111536
Mayor Pablo Lagerenza,PY,3867427,-19.9309,-60.7718,73.76,76,100,4.0,1616111537
Rincon,US,4218882,32.296,-81.2354,78.8,61,40,12.66,1616111538
Ruteng,ID,1629380,-8.6136,120.4721,70.18,75,87,1.99,1616111539
Bara,NG,2347758,10.3744,10.7288,78.6,17,91,2.28,1616111539
Kapit,MY,1737185,2.0167,112.9333,73.94,97,75,1.05,1616111541
Světlá nad Sázavou,CZ,3064510,49.668,15.4039,33.01,78,100,1.01,1616111541
Bururi Province,BI,423327,-3.85,29.6333,56.41,89,84,2.04,1616111542
Mackay,AU,2159220,-21.15,149.2,78.8,89,75,5.75,1616111544
Sorata,BO,3904043,-15.7667,-68.6333,45.43,87,100,3.22,1616111546
Ust'-Uda,RU,2013865,54.1742,103.0304,8.47,94,89,2.37,1616111547
Ust-Tsilma,RU,477940,65.441,52.1498,8.47,94,100,7.85,1616111548
Makakilo City,US,5850554,21.3469,-158.0858,75.2,64,90,11.5,1616111549
Morón,AR,3430545,-34.6534,-58.6198,63.0,59,13,2.19,1616111550
Gravdal,NO,3155152,68.1214,13.5031,30.2,51,0,14.97,1616111551
Hīt,IQ,95788,33.6416,42.8251,58.93,47,29,2.28,1616111551
Filingué,NE,2444995,14.3521,3.3168,86.34,14,38,10.13,1616111552
Waddān,LY,2209055,29.1614,16.139,64.96,29,48,23.29,1616111553
Calatayud,ES,3127047,41.3535,-1.6432,46.4,49,0,8.05,1616111554
Loudéac,FR,2997465,48.1783,-2.7543,48.0,94,73,7.38,1616111555
Payao,PH,1694209,10.1833,122.95,82.33,74,34,6.08,1616111556
Baruun-Urt,MN,2032614,46.6806,113.2792,22.08,55,78,10.56,1616111556
Zhezkazgan,KZ,1516589,47.8043,67.7144,19.96,72,86,16.82,1616111557
Helena,US,5656882,46.5927,-112.0361,62.6,23,20,4.61,1616111558
Olinda,BR,3393536,-8.0089,-34.8553,80.6,69,40,5.75,1616111559
Kargat,RU,1504380,55.1956,80.2811,11.8,95,99,9.55,1616111560
Gualaquiza,EC,3657661,-3.4,-78.55,66.56,95,100,1.43,1616111560
Yangjiang,CN,1806408,21.85,111.9667,75.94,77,97,7.61,1616111561
Shingū,JP,1847947,33.7333,135.9833,55.4,50,20,1.14,1616111562
Korla,CN,1529376,41.7597,86.1469,32.49,92,90,4.27,1616111562
Akureyri,IS,2633274,65.6835,-18.0878,46.4,76,90,11.5,1616111357
Mosquera,CO,3674292,4.7059,-74.2302,57.2,88,75,6.91,1616111564
Roebourne,AU,2062276,-20.7833,117.1333,81.81,52,0,18.86,1616111567
Grand-Lahou,CI,2288105,5.1367,-5.0242,76.93,83,100,3.78,1616111568
Flinders,AU,6255012,-34.5833,150.8552,68.0,93,99,3.0,1616111569
Kokopo,PG,2093685,-4.352,152.2633,84.24,66,5,2.28,1616111361
Nioro,GM,2412408,13.35,-15.75,65.89,68,1,6.71,1616111570
Mahina,PF,4034307,-17.5065,-149.489,87.8,62,40,5.75,1616111416
Dawei,MM,1293625,14.0833,98.2,73.85,61,0,2.71,1616111571
Oranjemund,NA,3354071,-28.55,16.4333,60.19,84,0,8.34,1616111573
Mbanza-Ngungu,CD,2312888,-5.25,14.8667,68.07,100,94,6.22,1616111575
Capaccio Paestum,IT,6538810,40.4244,15.0809,46.0,61,51,1.99,1616111576
Lanigan,CA,6049515,51.8501,-105.0344,50.0,50,79,10.36,1616111576
Cedar City,US,5536630,37.6775,-113.0619,62.6,20,90,19.57,1616111578
Sulangan,PH,1685422,11.1373,123.7228,81.68,75,9,9.75,1616111578
Jaggayyapeta,IN,1269570,16.9,80.1,69.19,91,63,3.44,1616111579
Shumskiy,RU,1491977,54.8318,99.1328,12.13,87,99,3.71,1616111580
Itoman,JP,1861280,26.1247,127.6694,71.6,83,20,5.75,1616111581
Abalak,RU,1512223,58.1286,68.5944,20.97,85,100,10.38,1616111582
Kieta,PG,2094027,-6.2167,155.6333,84.97,70,29,2.37,1616111584
Rakiv Lis,UA,695826,51.6217,24.9243,27.61,79,28,4.34,1616111584
Rosarito,MX,3988392,32.3333,-117.0333,60.8,72,1,12.66,1616111585
Vrbové,SK,3056697,48.6197,17.7226,32.0,80,78,2.3,1616111586
Araranguá,BR,3471772,-28.9347,-49.4858,72.18,78,97,4.32,1616111588
Carbondale,US,4235193,37.7273,-89.2168,46.4,87,90,14.97,1616111588
Saldanha,ZA,3361934,-33.0117,17.9442,62.13,83,47,6.82,1616111589
Santa Maria,BR,3450083,-29.6842,-53.8069,66.2,88,0,2.3,1616111590
Puerto del Rosario,ES,2512186,28.5004,-13.8627,64.4,68,0,14.97,1616111591
Devonport,AU,2168943,-41.1667,146.35,68.0,60,29,1.01,1616111592
Pizarro,CO,3672086,4.9533,-77.366,77.74,83,91,2.37,1616111593
Vao,NC,2137773,-22.6667,167.4833,76.69,72,83,17.74,1616111593
Shwebo,MM,1296736,22.5667,95.7,69.84,29,3,1.61,1616111594
Whitianga,NZ,2179103,-36.8333,175.7,64.35,63,51,10.16,1616111595
Baykit,RU,1510689,61.67,96.37,13.03,93,100,3.8,1616111596
Holme,DK,2624652,56.1138,10.1725,32.0,86,75,2.3,1616111597
Namatanai,PG,2090021,-3.6667,152.4333,85.5,61,92,6.04,1616111597
Golden,US,5423294,39.7555,-105.2211,46.99,48,20,5.75,1616111598
Bambanglipuro,ID,1650434,-7.95,110.2833,77.2,82,100,3.49,1616111599
Wesley,DM,3575568,15.5667,-61.3167,75.07,81,51,14.85,1616111600
Şabyā,SA,102651,17.1495,42.6254,80.6,69,0,3.36,1616111601
Goderich,CA,5962442,43.7501,-81.7165,35.6,38,100,19.57,1616111601
Leshukonskoye,RU,535839,64.8989,45.7622,-3.26,98,60,6.13,1616111602
Magadan,RU,2123628,59.5667,150.8,9.01,60,0,5.48,1616111603
Salina,US,4278890,38.8403,-97.6114,51.01,53,40,17.27,1616111333
Birjand,IR,140463,32.8663,59.2211,66.2,27,98,24.16,1616111311
Douglas,US,5067114,41.3,-96.167,51.8,35,1,10.36,1616111605
Along,IN,1278969,28.1667,94.7667,60.71,73,1,2.13,1616111605
Bozeman,US,5641727,45.6796,-111.0386,60.8,21,1,14.97,1616111606
Tandil,AR,3427833,-37.3217,-59.1332,49.24,69,27,1.63,1616111607
Krasnosel'kup,RU,1502073,65.7,82.4667,0.36,93,97,10.6,1616111608
Cody,US,5821593,44.5263,-109.0565,59.0,18,1,10.36,1616111608
Khandyga,RU,2022773,62.6667,135.6,-11.49,92,1,1.12,1616111609
Great Falls,US,5655240,47.5002,-111.3008,64.0,20,1,16.11,1616111596
Sergeevka,KZ,1519385,53.88,67.4158,24.06,78,100,11.54,1616111611
Kjøllefjord,NO,779261,70.9457,27.3465,21.74,76,29,17.83,1616111611
Solenzo,BF,2355404,12.1833,-4.0833,83.57,14,18,6.13,1616111613
Noril'sk,RU,1497337,69.3535,88.2027,-17.0,91,100,3.18,1616111614
Bar Harbor,US,4957320,44.3876,-68.2039,39.99,100,90,3.44,1616111615
Pak Phanang,TH,1608033,8.3511,100.202,73.4,94,20,2.62,1616111615
Sungai Penuh,ID,1625929,-2.0833,101.3833,65.34,97,100,0.36,1616111616
Lufilufi,WS,4035249,-13.8745,-171.5986,82.4,89,90,5.75,1616111617
Boa Vista,BR,3664980,2.8197,-60.6733,86.0,54,40,8.05,1616111618
Kasempa,ZM,912628,-13.4584,25.8338,64.36,95,87,3.2,1616111618
Schruns,AT,7873725,47.0709,9.9475,21.0,100,99,4.34,1616111619
Camacupa,AO,3351014,-12.0167,17.4833,62.24,93,100,2.15,1616111621
Jumla,NP,1283285,29.2747,82.1838,41.47,58,100,3.36,1616111622
The Valley,AI,3573374,18.217,-63.0578,77.0,69,40,10.36,1616111623
Hirara,JP,1862505,24.8,125.2833,69.8,94,20,4.61,1616111623
Kandalaksha,RU,553190,67.162,32.4123,5.38,93,6,5.61,1616111624
Conceição do Araguaia,BR,3401845,-8.2578,-49.2647,75.81,85,69,3.04,1616111626
Walvis Bay,NA,3359638,-22.9575,14.5053,63.0,77,0,3.44,1616111626
Besançon,FR,3033123,47.2488,6.0182,32.0,100,100,1.3,1616111627
Makubetsu,JP,2129324,45.3714,141.8211,33.8,64,75,18.41,1616111628
Nhulunbuy,AU,2064735,-12.2333,136.7667,78.8,94,75,11.5,1616111629
Mirzāpur,IN,1262995,25.15,82.5833,71.6,68,40,10.36,1616111630
Aden,YE,415189,12.7794,45.0367,77.67,72,83,16.46,1616111499
Xam Nua,LA,1652203,20.4197,104.0439,69.12,79,76,2.01,1616111631
Qabaqçöl,AZ,823981,41.72,46.2647,42.39,62,2,2.01,1616111634
Yuanping,CN,1786060,38.7153,112.7575,37.8,73,86,0.83,1616111635
Ulverstone,AU,2145532,-41.15,146.1667,68.0,56,32,13.0,1616111635
Hauterive,FR,3013748,46.0901,3.4459,33.8,93,75,2.3,1616111636
Henties Bay,NA,3356832,-22.116,14.2845,63.0,89,1,4.0,1616111637
Kattivākkam,IN,1267433,13.2167,80.3167,73.4,83,20,2.3,1616111638
Moose Factory,CA,6078372,51.2585,-80.6094,17.6,48,1,5.75,1616111639
At-Bashi,KG,1528796,41.1702,75.8106,12.11,59,0,5.46,1616111639
Kangaatsiaq,GL,3422683,68.3065,-53.4641,7.52,93,100,10.96,1616111640
São Gabriel da Cachoeira,BR,3662342,-0.1303,-67.0892,74.41,95,99,1.66,1616111641
Arman',RU,2127060,59.7,150.1667,9.46,61,0,6.76,1616111642
Ballaghaderreen,IE,2966784,53.9,-8.5833,46.99,98,93,5.01,1616111643
Trincomalee,LK,1226260,8.5711,81.2335,80.69,75,80,8.12,1616111643
Karpathos,GR,260895,35.507,27.2132,53.6,62,21,2.3,1616111644
Nhamundá,BR,3393929,-2.1861,-56.7131,73.02,96,100,3.38,1616111645
Zduńska Wola,PL,3080414,51.5992,18.9397,27.0,90,96,4.05,1616111646
Sittwe,MM,1295765,20.15,92.9,67.96,63,58,6.02,1616111647
Mulchén,CL,3879200,-37.7167,-72.2333,61.47,58,22,2.89,1616111647
Rosário do Sul,BR,3450873,-30.2583,-54.9142,64.42,65,0,5.95,1616111648
Taldan,RU,2015646,53.6667,124.8,14.11,81,77,2.59,1616111649
Coyhaique,CL,3894426,-45.5752,-72.0662,60.8,44,0,3.44,1616111650
Prestea,GH,2295840,5.4327,-2.1428,74.41,89,97,2.73,1616111650
Alice Springs,AU,2077895,-23.7,133.8833,71.6,53,0,5.75,1616111651
Kirgiz-Miyaki,RU,548493,53.6324,54.7979,26.01,93,100,9.15,1616111652
Kayes,ML,2455517,14.0,-11.0,83.44,14,62,4.52,1616111653
Neyvo-Shaytanskiy,RU,1497778,57.7286,61.2496,15.49,94,94,6.24,1616111653
Russellville,US,4129397,35.2784,-93.1338,48.0,71,90,8.05,1616111654
Shestakovo,RU,2016733,56.4915,103.96,12.51,95,98,3.58,1616111655
Warri,NG,2319133,5.5167,5.75,78.3,86,100,3.31,1616111656
Morehead,US,4301317,37.2711,-87.1764,48.99,66,90,5.75,1616111466
Worland,US,5843495,44.0169,-107.9554,57.2,19,1,8.05,1616111480
Chiplūn,IN,1274119,17.5333,73.5167,71.26,77,19,1.63,1616111658
Gornopravdinsk,RU,1506268,60.05,69.9,21.27,83,98,9.33,1616111659
Lerik,AZ,147611,38.7726,48.4128,44.6,87,40,3.44,1616111659
Simav,TR,300791,39.0882,28.9777,32.72,80,33,3.0,1616111660
Jijiga,ET,333795,9.35,42.8,63.18,78,45,2.06,1616111661
Manggar,ID,1636426,-2.8833,108.2667,79.63,82,100,2.06,1616111662
Jizan,SA,105298,17.3333,42.6667,80.6,69,0,2.77,1616111461
Sibolga,ID,1213855,1.7427,98.7792,76.06,82,93,2.66,1616111663
Nālūt,LY,2214432,30.3333,10.85,65.05,27,51,12.86,1616111664
Inírida,CO,3671450,3.8653,-67.9239,76.28,88,96,2.48,1616111665
Bom Jesus,BR,3405304,-9.0744,-44.3586,72.7,90,88,0.69,1616111666
Kununurra,AU,2068110,-15.7667,128.7333,78.8,100,75,4.61,1616111666
Tonkino,RU,482230,57.3726,46.4629,14.41,97,36,2.06,1616111667
Portland,US,5746545,45.5234,-122.6762,48.0,89,94,1.01,1616111580
Hamada,JP,1863310,34.8833,132.0833,48.2,87,40,3.44,1616111669
Avera,US,4231997,33.194,-82.5271,73.4,46,90,9.22,1616111670
Gizo Government Station,SB,2108857,-8.103,156.8419,84.96,66,69,4.23,1616111670
Susa,IR,114593,32.1942,48.2436,66.06,33,100,12.19,1616111671
Byron Bay,AU,2172880,-28.65,153.6167,73.4,83,90,10.36,1616111403
Marovoay,MG,1059507,-16.1,46.6333,75.2,94,75,6.91,1616111672
Narasannapeta,IN,1261853,18.4167,84.05,72.34,69,100,3.24,1616111673
Simeonovgrad,BG,727217,42.0333,25.8333,39.0,100,99,4.12,1616111674
Chake Chake,TZ,160677,-5.2459,39.7666,77.13,84,59,2.33,1616111675
San Jose,US,5392171,37.3394,-121.895,57.99,82,90,4.61,1616111458
Mungaa,TZ,152546,-4.9667,34.8833,58.5,94,96,4.72,1616111676
Leme,BR,3458662,-22.1856,-47.3903,71.6,94,0,4.61,1616111677
Zeya,RU,2012593,53.75,127.2667,16.52,78,100,3.2,1616111677
Pandan Niog,PH,1695506,6.2282,120.5631,82.67,76,58,7.0,1616111678
Ovalle,CL,3877918,-30.5983,-71.2003,54.55,79,0,1.81,1616111679
Khorixas,NA,3356213,-20.3667,14.9667,70.57,40,23,2.13,1616111680
Wewak,PG,2083537,-3.5534,143.6268,83.1,70,31,5.01,1616111681
Siyabuswa,ZA,955313,-25.1132,29.0445,66.74,62,25,4.05,1616111681
Curvelo,BR,3464891,-18.7564,-44.4308,71.01,71,58,3.38,1616111504
Alexandria,EG,361058,31.2156,29.9553,57.2,67,0,4.61,1616111452
Reporoa,NZ,2183524,-38.4333,176.35,66.0,54,3,5.61,1616111683
Naviraí,BR,3456368,-23.065,-54.1906,72.25,86,79,3.44,1616111684
Kanigoro,ID,1641497,-8.13,112.219,76.77,87,83,1.59,1616111684
Mahabalipuram,IN,1263997,12.6264,80.1722,73.4,83,20,2.3,1616111685
Lagos,NG,2332453,6.5833,3.75,79.56,81,100,2.73,1616111658
Xining,CN,1788852,36.6167,101.7667,30.29,95,100,3.74,1616111686
Souris,CA,6151456,49.6172,-100.2612,50.0,40,1,19.57,1616111687
Berlevåg,NO,780687,70.8578,29.0864,20.98,75,57,14.79,1616111688
Santa Helena de Goiás,BR,3450206,-17.8136,-50.5969,72.43,84,99,3.22,1616111689
Toyohashi,JP,1849846,34.7667,137.3833,60.01,66,40,1.01,1616111660
Gorin,RU,2023943,51.1983,136.6669,23.76,73,94,4.43,1616111690
Vangaindrano,MG,1054329,-23.35,47.6,74.08,90,75,4.05,1616111691
Koshurnikovo,RU,1502389,54.1667,93.3,8.17,97,100,1.19,1616111691
Banda Aceh,ID,1215502,5.5577,95.3222,78.66,83,41,7.36,1616111680
Yar-Sale,RU,1486321,66.8333,70.8333,-1.95,97,100,8.99,1616111693
Aliwal North,ZA,1023309,-30.6937,26.7114,61.07,43,1,3.89,1616111693
El Alto,PE,3697441,-4.2714,-81.2147,76.14,72,95,5.55,1616111694
Mbuji-Mayi,CD,209228,-6.15,23.6,70.65,81,7,2.06,1616111695
Laas,IT,3175096,46.6166,10.7002,30.0,79,0,6.91,1616111695
Celestún,MX,3531368,20.8667,-90.4,78.22,81,2,16.82,1616111696
Chipinge,ZW,893549,-20.1883,32.6236,60.55,96,19,3.38,1616111697
Osoyoos,CA,6094665,49.0331,-119.4524,64.4,34,75,8.05,1616111698
Sarāhan,IN,1257277,31.5167,77.8,46.02,37,100,6.6,1616111698
Kommunisticheskiy,RU,1502750,61.6789,64.4819,22.5,96,100,5.46,1616111699
Kabompo,ZM,916246,-13.5927,24.2008,63.55,96,96,3.91,1616111700
Boende,CD,218680,-0.2167,20.8667,70.66,92,83,1.45,1616111701
Dakar,SN,2253354,14.6937,-17.4441,66.2,100,20,4.61,1616111703
Kasongo,CD,213940,-4.45,26.6667,68.32,91,94,1.57,1616111703
Aksarka,RU,1512019,66.5606,67.7975,-4.25,97,100,10.16,1616111704
Verkhoyansk,RU,2013465,67.5447,133.385,-9.67,74,86,5.17,1616111645
Kouroussa,GN,2418437,10.65,-9.8833,85.93,32,83,5.35,1616111705
Toora-Khem,RU,1489401,52.4675,96.11,9.19,94,100,1.16,1616111706
Uklana Mandi,IN,1276815,29.5023,75.8849,68.02,23,98,2.59,1616111707
Qasigiannguit,GL,3420768,68.8193,-51.1922,10.4,72,75,12.66,1616111708
Narsaq,GL,3421719,60.9167,-46.05,28.4,50,90,4.61,1616111708
Karpogory,RU,552256,64.0019,44.4451,0.88,94,72,6.89,1616111709
Bodden Town,KY,3580733,19.2833,-81.25,82.4,69,20,9.22,1616111710
Tuy Hoa,VN,1563281,13.0833,109.3,74.95,88,64,2.98,1616111710
Svetlaya,RU,2015852,46.5389,138.3297,30.56,69,11,2.26,1616111711
Shihezi,CN,1529195,44.3,86.0333,14.41,88,0,1.25,1616111712
Itabira,BR,3460960,-19.6192,-43.2269,65.35,96,99,1.1,1616111713
Nizhniy Kuranakh,RU,2019135,58.8353,125.4869,14.23,90,86,2.91,1616111713
Trairi,BR,3386177,-3.2778,-39.2689,77.27,87,82,4.92,1616111714
Half Moon Bay,US,5354943,37.4636,-122.4286,57.2,94,90,11.5,1616111600
Dukat,RU,2125906,62.55,155.55,-9.2,95,23,5.64,1616111715
Tucumcari,US,5495360,35.1717,-103.725,55.4,38,1,4.61,1616111716
Prince Rupert,CA,6113406,54.3161,-130.3201,42.8,93,90,5.75,1616111526
Rayevskiy,RU,502540,54.0658,54.9468,28.29,95,100,7.2,1616111718
Kitimat,CA,5993072,54.0524,-128.6534,43.0,96,100,2.15,1616111718
Jining,CN,1805518,35.405,116.5814,46.72,47,93,3.36,1616111719
Mgandu,TZ,154097,-5.95,34.1333,59.63,94,25,4.92,1616111717
Dolores,AR,3435038,-36.3132,-57.6792,52.11,70,15,1.21,1616111720
Hohhot,CN,2036892,40.8106,111.6522,37.4,87,40,4.47,1616111721
Makokou,GA,2399371,0.5738,12.8642,69.19,96,70,2.1,1616111722
Nabire,ID,1634614,-3.3667,135.4833,80.65,82,98,1.83,1616111709
San Antonio,US,4726206,29.4241,-98.4936,75.2,23,1,16.11,1616111449
Saurimo,AO,145531,-9.6608,20.3916,64.58,94,95,1.79,1616111724
Maniwaki,CA,6065262,46.3834,-75.966,26.6,33,14,12.66,1616111724
Maceió,BR,3395981,-9.6658,-35.7353,77.0,88,0,3.44,1616111725
Tazovsky,RU,1489853,67.4667,78.7,-11.02,97,100,9.15,1616111726
Comodoro Rivadavia,AR,3860443,-45.8667,-67.5,69.8,68,0,2.3,1616111727
Kakogawa,JP,1860704,34.7667,134.85,55.0,54,0,2.3,1616111728
Zhigansk,RU,2012530,66.7697,123.3711,-1.95,96,100,24.38,1616111729
Waipawa,NZ,2206874,-41.4122,175.5153,64.99,59,2,9.22,1616111729
Neiafu,TO,4032420,-18.65,-173.9833,82.4,89,40,5.75,1616111730
Xichang,CN,1789647,27.8964,102.2634,52.77,54,30,0.2,1616111732
Alofi,NU,4036284,-19.0595,-169.9187,87.8,66,40,8.05,1616111732
Yasnyy,RU,468657,51.0333,59.8742,24.93,81,100,21.09,1616111733
Soe,ID,1626703,-9.8607,124.284,73.76,75,100,1.5,1616111734
Ust-Kuyga,RU,2013921,70.0167,135.6,-14.22,85,98,8.72,1616111735
Örnsköldsvik,SE,2686469,63.2909,18.7153,19.4,58,0,5.75,1616111735
Manokwari,ID,1636308,-0.8667,134.0833,76.24,91,100,8.95,1616111736
Fukuechō,JP,1863997,32.6881,128.8419,59.0,82,75,9.22,1616111737
Boguchany,RU,1509844,58.3814,97.4531,16.88,94,100,6.91,1616111738
Mingyue,CN,2035754,43.1069,128.9217,37.98,43,51,2.08,1616111738
Port Keats,AU,2063039,-14.25,129.55,79.14,84,100,5.55,1616111739
Yurino,RU,466423,56.2942,46.3039,19.4,100,75,2.42,1616111740
Slave Lake,CA,6149374,55.2834,-114.769,55.4,33,75,11.5,1616111741
Aracati,BR,3407378,-4.5617,-37.7697,78.53,83,95,8.34,1616111742
Churapcha,RU,2025241,62.0025,132.4325,-7.96,91,7,3.18,1616111742
Auki,SB,2109701,-8.7676,160.7034,87.04,63,81,1.83,1616111744
Suzhou,CN,1886760,31.3114,120.6181,54.0,97,100,6.55,1616111631
Macas,EC,3654541,-2.3167,-78.1167,77.0,65,75,5.75,1616111745
Yaan,NG,2338660,7.3833,8.5667,83.8,59,87,9.06,1616111746
Evensk,RU,2125693,61.95,159.2333,10.13,72,100,12.55,1616111746
Petrozavodsk,RU,509820,61.7849,34.3469,4.73,97,40,6.93,1616111747
Magna,US,5777793,40.7091,-112.1016,63.0,39,1,13.8,1616111748
Ulaangom,MN,1515029,49.9811,92.0667,11.32,88,100,2.46,1616111749
Hearst,CA,5973108,49.6835,-83.6665,28.4,26,0,5.75,1616111749
Quryq,KZ,609919,43.2,51.65,41.99,83,42,13.76,1616111750
Iberia,US,4328254,29.9502,-91.7507,64.4,52,1,13.8,1616111751
Lashio,MM,1314759,22.9333,97.75,59.18,44,11,1.25,1616111751
Scottsbluff,US,5699404,41.8666,-103.6672,37.4,70,1,10.36,1616111752
Bani Walid,LY,2218840,31.7566,13.9942,54.79,82,18,8.46,1616111753
Svobodnyy,RU,2015833,51.4,128.1333,20.41,76,2,6.38,1616111731
Dresden,DE,2935022,51.0509,13.7383,34.0,100,75,3.44,1616111512
São Simão,BR,3448197,-21.4792,-47.5508,73.4,78,0,6.91,1616111755
Lewisporte,CA,6053446,49.2499,-55.0482,33.8,80,90,20.71,1616111756
San Vicente,AR,3428068,-26.6167,-54.1333,64.99,82,0,5.44,1616111757
Witney,GB,2633729,51.7836,-1.4854,48.2,81,75,10.36,1616111757
Yashkul',RU,468747,46.1711,45.3435,39.04,94,100,10.0,1616111758
Rábapatona,HU,3046056,47.6322,17.48,28.4,74,0,4.61,1616111759
Sokolo,ML,2450849,14.7328,-6.1219,78.82,14,8,9.82,1616111759
Innisfail,AU,2162683,-17.5333,146.0333,82.31,71,76,2.26,1616111760
São Miguel do Araguaia,BR,3448455,-13.275,-50.1628,72.34,92,94,3.36,1616111598
Amga,RU,2027786,60.8953,131.9608,0.68,93,49,2.51,1616111761
Oussouye,SN,2246901,12.485,-16.5469,69.8,88,0,4.61,1616111762
Raja,SS,368246,8.4596,25.678,77.16,62,100,3.74,1616111763
Road Town,VG,3577430,18.4167,-64.6167,77.0,69,40,8.05,1616111765
Gouré,NE,2444219,13.9835,10.2704,77.41,17,27,5.79,1616111766
Puerto Madryn,AR,3840092,-42.7692,-65.0385,67.73,38,8,13.71,1616111767
Mananara,MG,1061412,-16.1667,49.7667,74.25,92,74,4.61,1616111767
Kano,NG,2335204,12.0001,8.5167,78.8,31,100,4.61,1616111768
Marzuq,YE,72181,14.4,46.4667,57.79,44,78,2.86,1616111769
Meadow Lake,US,5478673,34.8014,-106.5436,66.0,20,75,1.86,1616111770
Haines Junction,CA,5969025,60.7522,-137.5108,32.0,25,100,5.75,1616111771
Derzhavīnsk,KZ,1524606,51.1,66.3167,23.58,74,100,14.63,1616111771
Mount Isa,AU,2065594,-20.7333,139.5,84.2,32,65,11.5,1616111772
Siderno,IT,6540819,38.2779,16.302,51.01,93,75,5.75,1616111773
Yangi Marg`ilon,UZ,1513491,40.4272,71.7189,42.8,33,34,4.61,1616111774
Cap-aux-Meules,CA,5915327,47.3821,-61.8597,35.6,93,100,14.97,1616111774
Sharjah city,AE,292672,25.3573,55.4033,80.6,26,0,6.91,1616111775
Ribeira Brava,PT,2263905,32.65,-17.0667,62.6,59,20,13.8,1616111776
Grand-Santi,GF,3381538,4.25,-54.3833,71.6,92,73,3.2,1616111777
Luchegorsk,RU,2020689,46.4764,134.2569,26.62,71,14,2.19,1616111777
Saiki,JP,1853237,32.95,131.9,53.6,71,75,3.44,1616111778
Veinticinco de Mayo,AR,3833112,-35.4323,-60.1727,57.99,63,70,2.62,1616111779
Durango,MX,4011741,24.8333,-104.8333,73.58,13,0,13.04,1616111718
Kwang Binh,VN,1582886,17.4833,106.6,74.03,90,64,3.29,1616111781
Patiya,BD,1185148,22.2931,91.9762,63.61,40,47,3.13,1616111782
Santa Rosa,PH,1687894,14.3122,121.1114,84.99,78,40,1.14,1616111782
Vylkove,UA,688750,45.4021,29.586,37.33,88,66,7.83,1616111783
Porgera,PG,2088143,-5.4667,143.2,52.05,82,100,1.23,1616111784
Kuusamo,FI,649924,65.9667,29.1833,10.4,85,0,6.91,1616111785
Lantana,US,4161571,26.5867,-80.052,82.4,69,40,13.8,1616111786
Tabas,IR,113659,33.5959,56.9244,66.7,40,56,4.34,1616111787
Zyryanka,RU,2119283,65.75,150.85,-16.26,92,99,9.35,1616111787
Padilla,CO,3673407,3.2204,-76.3139,77.0,73,75,3.44,1616111788
Port Shepstone,ZA,964406,-30.7414,30.455,70.9,86,1,4.59,1616111789
Takoradze,GH,2294915,4.8845,-1.7554,77.88,83,88,5.95,1616111789
Buraidah,SA,107304,26.326,43.975,68.0,42,0,12.66,1616111790
Sauk Rapids,US,5046038,45.5919,-94.1661,48.2,29,1,10.36,1616111791
Custódia,BR,3401138,-8.0875,-37.6431,77.61,56,80,7.2,1616111792
Bantou,CN,1796663,26.2151,117.4893,72.01,87,74,1.99,1616111792
Inuvik,CA,5983607,68.3499,-133.7218,-2.2,71,62,8.05,1616111793
Nandi,IN,1272473,13.3855,77.6984,64.4,63,71,3.44,1616111794
Guozhen,CN,1809263,34.3659,107.359,43.23,79,100,1.59,1616111795
Quatre Cocos,MU,1106643,-20.2078,57.7625,73.99,83,20,8.86,1616111795
Bonthe,SL,2409914,7.5264,-12.505,77.76,77,1,5.79,1616111796
Bud,US,4255151,39.447,-86.1758,37.99,93,90,21.85,1616111797
Payakumbuh,ID,1631905,-0.2202,100.6308,70.66,97,92,1.32,1616111606
Payson,US,5779548,40.0444,-111.7321,63.0,23,40,3.44,1616111558
Ryōtsu-minato,JP,1853371,38.0833,138.4333,42.8,75,75,8.05,1616111799
Pochutla,MX,3517970,15.7432,-96.4661,86.0,45,20,8.05,1616111800
Mareeba,AU,2158767,-17.0,145.4333,84.2,70,40,8.05,1616111800
Bagdarin,RU,2027244,54.4333,113.6,13.42,88,100,3.09,1616111801
Natal,BR,3394023,-5.795,-35.2094,80.6,78,20,8.05,1616111802
Muscat,OM,287286,23.6139,58.5922,77.0,33,0,2.3,1616111803
Misratah,LY,2214846,32.3754,15.0925,61.45,77,93,14.76,1616111803
Kendari,ID,1640344,-3.945,122.4989,76.12,84,99,2.77,1616111804
Baie-Comeau,CA,5889745,49.2168,-68.1489,21.2,49,1,14.97,1616111805
Massillon,US,5162097,40.7967,-81.5215,39.2,100,90,19.57,1616111806
